/*1 ciudad*/
INSERT INTO `huella_carbono`.`ciudad`

(`codigo`,
`nombre`,
`emisionPromedio`,
`pais`,
`poblacion`,
`area`)
VALUES
( 00001,'cali'
,0.08
,'colombia',2401000
,619
);


INSERT INTO `huella_carbono`.`ciudad`

(`codigo`,
`nombre`,
`emisionPromedio`,
`pais`,
`poblacion`,
`area`)
VALUES
( 

00002,'bogota'
,0.25
,'colombia',8081000
,1775
);



INSERT INTO `huella_carbono`.`ciudad`

(`codigo`,
`nombre`,
`emisionPromedio`,
`pais`,
`poblacion`,
`area`)
VALUES
( 

00003,'medellin'
,0.11
,'colombia',2464000
,382
);



INSERT INTO `huella_carbono`.`ciudad`

(`codigo`,
`nombre`,
`emisionPromedio`,
`pais`,
`poblacion`,
`area`)
VALUES
( 

00004,'barranquilla'
,0.09
,'colombia',1218000
,154
);



INSERT INTO `huella_carbono`.`ciudad`
(`codigo`,
`nombre`,
`emisionPromedio`,
`pais`,`poblacion`,`area`)
VALUES
( 

00005,'cartagena'
,0.08
,'colombia',971592
,609.1
);



INSERT INTO `huella_carbono`.`ciudad`

(`codigo`,
`nombre`,
`emisionPromedio`,
`pais`,
`poblacion`,
`area`)
VALUES
( 

00006,'bucaramanga
',0.07
,'colombia',528575
,162
);



INSERT INTO `huella_carbono`.`ciudad`

(`codigo`,
`nombre`,
`emisionPromedio`,
`pais`,
`poblacion`,
`area`)
VALUES
( 

00007,'cucuta'
,0.08
,'
colombia'
,650011
,1176
);



INSERT INTO `huella_carbono`.`ciudad`

(`codigo`,
`nombre`,
`emisionPromedio`,
`pais`,
`poblacion`,
`area`)
VALUES
( 
00008,'santa marta'
,0.06
,'
colombia'
,499257
,2392.35
);

INSERT INTO `huella_carbono`.`ciudad`

(`codigo`,
`nombre`,
`emisionPromedio`,
`pais`,
`poblacion`,
`area`)
VALUES
( 00009,'pasto'
,0.06
,'colombia',
450815,1181
);

INSERT INTO `huella_carbono`.`ciudad`

(`codigo`,
`nombre`,
`emisionPromedio`,
`pais`,
`poblacion`,
`area`)
VALUES
( 00010,'neiva'
,0.05
,'colombia',345806
,1553
);

INSERT INTO `huella_carbono`.`ciudad`

(`codigo`,
`nombre`,
`emisionPromedio`,
`pais`,
`poblacion`,
`area`)
VALUES
( 00011,'armenia'
,0.05
,'colombia',299712
,650
);

INSERT INTO `huella_carbono`.`ciudad`

(`codigo`,
`nombre`,
`emisionPromedio`,
`pais`,
`poblacion`,
`area`)
VALUES
( 00012,'mexico df'
,0.69
,'mexico',8918653
,1495
);

INSERT INTO `huella_carbono`.`ciudad`

(`codigo`,
`nombre`,
`emisionPromedio`,
`pais`,
`poblacion`,
`area`)
VALUES
( 00013,'buenos aires'
,0.44
,'argentina',2890151
,203
);

INSERT INTO `huella_carbono`.`ciudad`

(`codigo`,
`nombre`,
`emisionPromedio`,
`pais`,
`poblacion`,
`area`)
VALUES
( 00014,'rio de janeiro'
,0.38
,'brasil',6476631
,1182
);

INSERT INTO `huella_carbono`.`ciudad`

(`codigo`,
`nombre`,
`emisionPromedio`,
`pais`,
`poblacion`,
`area`)
VALUES
( 00015,'ibague'
,0.06
,'colombia',564077,
1439);


/* 2 Insertar usuario*/

INSERT INTO `huella_carbono`.`usuario`
(
`codigo`,
`nombre`,
`apellido`,
`fecha_nacimiento`,
`profesion`,
`contrasena`,
`correo`,
`cod_ciudad`)

VALUES
(1000,'juan','cardenas','1990-10-10','Dentista','
123qwe',
'juan.cardenas@aol.com',1);


INSERT INTO `huella_carbono`.`usuario`
(
`codigo`,
`nombre`,
`apellido`,
`fecha_nacimiento`,
`profesion`,
`contrasena`,
`correo`,
`cod_ciudad`)

VALUES
(1001,'pedro','perez','1970-03-30','Mecanico','
123qwe',
'pedro.perez@aol.com',5);

INSERT INTO `huella_carbono`.`usuario`
(
`codigo`,
`nombre`,
`apellido`,
`fecha_nacimiento`,
`profesion`,
`contrasena`,
`correo`,
`cod_ciudad`)

VALUES
(1002,'sara','mora','1980-09-15','Contadora','
123qwe',
'sara.mora@aol.com',11);

INSERT INTO `huella_carbono`.`usuario`
(
`codigo`,
`nombre`,
`apellido`,
`fecha_nacimiento`,
`profesion`,
`contrasena`,
`correo`,
`cod_ciudad`)

VALUES
(1003,'maria','parra','1991-12-12','Dentista','
123qwe',
'maria.parra@aol.com',8);

INSERT INTO `huella_carbono`.`usuario`
(
`codigo`,
`nombre`,
`apellido`,
`fecha_nacimiento`,
`profesion`,
`contrasena`,
`correo`,
`cod_ciudad`)

VALUES
(1004,'juan','quiñonez','1982-6-03','Ingeniero','
123qwe',
'juan.quinonez@aol.com',5);

INSERT INTO `huella_carbono`.`usuario`
(
`codigo`,
`nombre`,
`apellido`,
`fecha_nacimiento`,
`profesion`,
`contrasena`,
`correo`,
`cod_ciudad`)

VALUES
(1005,'laura','cardenas','1990-10-10','secretaria','
123qwe',
'laura.cardenas@aol.com',9);

INSERT INTO `huella_carbono`.`usuario`
(
`codigo`,
`nombre`,
`apellido`,
`fecha_nacimiento`,
`profesion`,
`contrasena`,
`correo`,
`cod_ciudad`)

VALUES
(1006,'nazairo','asis','1977-4-23','futbolista','
123qwe',
'fenomeno@aol.com',14);

INSERT INTO `huella_carbono`.`usuario`
(
`codigo`,
`nombre`,
`apellido`,
`fecha_nacimiento`,
`profesion`,
`contrasena`,
`correo`,
`cod_ciudad`)

VALUES
(1007,'isabella','castaño','1993-12-10','Estudiante','
123qwe',
'isa.castano@aol.com',1);

INSERT INTO `huella_carbono`.`usuario`
(
`codigo`,
`nombre`,
`apellido`,
`fecha_nacimiento`,
`profesion`,
`contrasena`,
`correo`,
`cod_ciudad`)

VALUES
(1008,'isabel','silva','1997-01-09','Estudiante','
123qwe',
'isa.silva@aol.com',13);

INSERT INTO `huella_carbono`.`usuario`
(
`codigo`,
`nombre`,
`apellido`,
`fecha_nacimiento`,
`profesion`,
`contrasena`,
`correo`,
`cod_ciudad`)

VALUES
(1009,'carlos','beltran','1989-09-21','periodista','
123qwe',
'carlos.beltran@aol.com',12);

INSERT INTO `huella_carbono`.`usuario`
(
`codigo`,
`nombre`,
`apellido`,
`fecha_nacimiento`,
`profesion`,
`contrasena`,
`correo`,
`cod_ciudad`)

VALUES
(1010,'marcos','castaño','1993-12-10','Abogado','
123qwe',
'marcos.castano@aol.com',3);

INSERT INTO `huella_carbono`.`usuario`
(
`codigo`,
`nombre`,
`apellido`,
`fecha_nacimiento`,
`profesion`,
`contrasena`,
`correo`,
`cod_ciudad`)

VALUES
(1011,'paola','vera','1987-08-08','Ama de casa','
123qwe',
'paola.vera@aol.com',12);

INSERT INTO `huella_carbono`.`usuario`
(
`codigo`,
`nombre`,
`apellido`,
`fecha_nacimiento`,
`profesion`,
`contrasena`,
`correo`,
`cod_ciudad`)

VALUES
(1012,'aura','muñoz','1997-04-10','estudiante','
123qwe',
'aura.munoz@aol.com',2);

INSERT INTO `huella_carbono`.`usuario`
(
`codigo`,
`nombre`,
`apellido`,
`fecha_nacimiento`,
`profesion`,
`contrasena`,
`correo`,
`cod_ciudad`)

VALUES
(1013,'edgar','rios','1965-12-24','Maestro','
123qwe',
'edgar.rios@aol.com',10);

INSERT INTO `huella_carbono`.`usuario`
(
`codigo`,
`nombre`,
`apellido`,
`fecha_nacimiento`,
`profesion`,
`contrasena`,
`correo`,
`cod_ciudad`)

VALUES
(1014,'Diego','Maradona','1960-11-10','musico','
123qwe',
'diego.maradona@aol.com',5);


/* 3 vehiculos*/

INSERT INTO `huella_carbono`.`transporte`
(
`codigo`,
`nombreGenerico`,
`nombreReal`,
`co2Km`,
`marca`,
`combustible`,
`descripcion`,
`cilindraje`,
`modelo`)
VALUES
(
'a0001',
'carro',
'toyota prado',
0.11,
'toyota',
'gasolina',
'carro 4x4',
2.0,
2012);


INSERT INTO `huella_carbono`.`transporte`
(
`codigo`,
`nombreGenerico`,
`nombreReal`,
`co2Km`,
`marca`,
`combustible`,
`descripcion`,
`cilindraje`,
`modelo`)
VALUES
(
'a0002',
'moto',
'pulsar 125',
0.11,
'pulsar',
'gasolina',
'moto 4 tiempos',
0.125,
2017);

INSERT INTO `huella_carbono`.`transporte`
(
`codigo`,
`nombreGenerico`,
`nombreReal`,
`co2Km`,
`marca`,
`combustible`,
`descripcion`,
`cilindraje`,
`modelo`)
VALUES
(
'a0003',
'bus',
'Transporte publico',
0.003,
'Bus',
'gasolina',
'transporte publico',
6,
2015);

INSERT INTO `huella_carbono`.`transporte`
(
`codigo`,
`nombreGenerico`,
`nombreReal`,
`co2Km`,
`marca`,
`combustible`,
`descripcion`,
`cilindraje`,
`modelo`)
VALUES
(
'a0004',
'carro',
'Mazda 3',
0.32,
'mazda',
'gasolina',
'automovil',
1.8,
2016);

INSERT INTO `huella_carbono`.`transporte`
(
`codigo`,
`nombreGenerico`,
`nombreReal`,
`co2Km`,
`marca`,
`combustible`,
`descripcion`,
`cilindraje`,
`modelo`)
VALUES
(
'a0005',
'bici',
'todoterreno',
0.0,
'huffy',
'no usa',
'bicicleta todoterreno',0,
2013);

INSERT INTO `huella_carbono`.`transporte`
(
`codigo`,
`nombreGenerico`,
`nombreReal`,
`co2Km`,
`marca`,
`combustible`,
`descripcion`,
`cilindraje`,
`modelo`)
VALUES
(
'a0006',
'taxi',
'servicio publico',
0.17,
'taxi',
'gasolina',
'servicio publico',1.2,
2015);


INSERT INTO `huella_carbono`.`transporte`
(
`codigo`,
`nombreGenerico`,
`nombreReal`,
`co2Km`,
`marca`,
`combustible`,
`descripcion`,
`cilindraje`,
`modelo`)
VALUES
(
'a0007',
'moto',
'yamaha 115',
0.02,
'yamaha',
'gasolina',
'moto 4 tiempos',
0.115,
2001);

/*electrodomestico*/

INSERT INTO `huella_carbono`.`electrodomestico`
(`codigo`,
`nombreGenerico`,
`nombreReal`,
`watts`,
`marca`,
`descripcion`,
`Co2`)
VALUES
('e0001',
'nevera','
RS7528THCSL',
210,
'Samsung',
'nevera de 10 pies',94);


INSERT INTO `huella_carbono`.`electrodomestico`
(`codigo`,
`nombreGenerico`,
`nombreReal`,
`watts`,
`marca`,
`descripcion`,
`Co2`)
VALUES
('e0002',
'nevera','GSX96',
250,
'LG',
'nevera de 12 pies',120);

INSERT INTO `huella_carbono`.`electrodomestico`
(`codigo`,
`nombreGenerico`,
`nombreReal`,
`watts`,
`marca`,
`descripcion`,
`Co2`)
VALUES
('e0003',
'televisor','L9',
130,
'Toshiba',
'smart tv',90);


INSERT INTO `huella_carbono`.`electrodomestico`
(`codigo`,
`nombreGenerico`,
`nombreReal`,
`watts`,
`marca`,
`descripcion`,
`Co2`)
VALUES
('e0004',
'portatil','
thinkpad',
150,
'Lienovo',
'computadora portatil',52);


INSERT INTO `huella_carbono`.`electrodomestico`
(`codigo`,
`nombreGenerico`,
`nombreReal`,
`watts`,
`marca`,
`descripcion`,
`Co2`)
VALUES
('e0005',
'lavadora','
Rim-234',
1350,
'Electrolux',
'lavadora',975);


INSERT INTO `huella_carbono`.`electrodomestico`
(`codigo`,
`nombreGenerico`,
`nombreReal`,
`watts`,
`marca`,
`descripcion`,
`Co2`)
VALUES
('e0006',
'aire acondicionado','
Tx-2000',
1330,
'Samsung',
'aire acondicionado',2000);


INSERT INTO `huella_carbono`.`electrodomestico`
(`codigo`,
`nombreGenerico`,
`nombreReal`,
`watts`,
`marca`,
`descripcion`,
`Co2`)
VALUES
('e0007',
'plancha','
Tx-2000',
1000,
'oster',
'plancha para ropa',290);

/*Insertar consumo*/

INSERT INTO `huella_carbono`.`consumo`
(`cod_consumo`,
`cod_usuario`,
`cod_electro`,
`fecha`,
`horasdeUso`,
`totalCo`)
VALUES
(
18000,1007,'e0001','2017-01-09',
24,94);


INSERT INTO `huella_carbono`.`consumo`
(`cod_usuario`,
`cod_electro`,
`fecha`,
`horasdeUso`,
`totalCo`)
VALUES
(
1007,'e0003','2017-02-01',
6,90);


INSERT INTO `huella_carbono`.`consumo`
(`cod_usuario`,
`cod_electro`,
`fecha`,
`horasdeUso`,
`totalCo`)
VALUES
(
1007,'e0004','2017-04-11',
7,52);


INSERT INTO `huella_carbono`.`consumo`
(`cod_usuario`,
`cod_electro`,
`fecha`,
`horasdeUso`,
`totalCo`)
VALUES
(
1007,'e0005','2017-04-30',
1,975);


INSERT INTO `huella_carbono`.`consumo`
(`cod_usuario`,
`cod_electro`,
`fecha`,
`horasdeUso`,
`totalCo`)
VALUES
(
1007,'e0006','2017-06-11',
5,2000);


INSERT INTO `huella_carbono`.`consumo`
(
`cod_usuario`,
`cod_electro`,
`fecha`,
`horasdeUso`,
`totalCo`)
VALUES
(
1010,'e0001','2017-01-09',
24,94);




INSERT INTO `huella_carbono`.`consumo`
(`cod_usuario`,
`cod_electro`,
`fecha`,
`horasdeUso`,
`totalCo`)
VALUES
(
1004,'e0003','2017-02-01',
6,90);




INSERT INTO `huella_carbono`.`consumo`
(`cod_usuario`,
`cod_electro`,
`fecha`,
`horasdeUso`,
`totalCo`)
VALUES
(
1003,'e0004','2017-04-11',
7,52);




INSERT INTO `huella_carbono`.`consumo`
(`cod_usuario`,
`cod_electro`,
`fecha`,
`horasdeUso`,
`totalCo`)
VALUES
(
1003,'e0005','2017-04-30',
1,975);




INSERT INTO `huella_carbono`.`consumo`
(`cod_usuario`,
`cod_electro`,
`fecha`,
`horasdeUso`,
`totalCo`)
VALUES
(
1011,'e0006','2017-06-11',
5,2000);


/*voajes*/

INSERT INTO `huella_carbono`.`viaje`
(
`cod_usuario`,
`cod_transporte`,
`fecha`,
`kilometros`,
`totalCo`)
VALUES
(
1007,
'a0001',
'2017-01-09',
24,
23);

INSERT INTO `huella_carbono`.`viaje`
(
`cod_usuario`,
`cod_transporte`,
`fecha`,
`kilometros`,
`totalCo`)
VALUES
(
1007,
'a0003',
'2017-02-01',
11,
29);

INSERT INTO `huella_carbono`.`viaje`
(
`cod_usuario`,
`cod_transporte`,
`fecha`,
`kilometros`,
`totalCo`)
VALUES
(
1007,
'a0001',
'2017-04-11',
44,
32);

INSERT INTO `huella_carbono`.`viaje`
(
`cod_usuario`,
`cod_transporte`,
`fecha`,
`kilometros`,
`totalCo`)
VALUES
(
1007,
'a0005',
'2017-04-30',
21,
0);

INSERT INTO `huella_carbono`.`viaje`
(
`cod_usuario`,
`cod_transporte`,
`fecha`,
`kilometros`,
`totalCo`)
VALUES
(
1007,
'a0004',
'2017-06-11',
18,
20);

INSERT INTO `huella_carbono`.`viaje`
(
`cod_usuario`,
`cod_transporte`,
`fecha`,
`kilometros`,
`totalCo`)
VALUES
(
1003,
'a0002',
'2017-01-21',
13,
8);



INSERT INTO `huella_carbono`.`viaje`
(
`cod_usuario`,
`cod_transporte`,
`fecha`,
`kilometros`,
`totalCo`)
VALUES
(
1003,
'a0006',
'2017-03-21',
44,
32);



INSERT INTO `huella_carbono`.`viaje`
(
`cod_usuario`,
`cod_transporte`,
`fecha`,
`kilometros`,
`totalCo`)
VALUES
(
1003,
'a0005',
'2017-05-30',
21,
0);

INSERT INTO `huella_carbono`.`viaje`
(
`cod_usuario`,
`cod_transporte`,
`fecha`,
`kilometros`,
`totalCo`)
VALUES
(
1008,
'a0004',
'2017-07-15',
18,
20);

INSERT INTO `huella_carbono`.`viaje`
(
`cod_usuario`,
`cod_transporte`,
`fecha`,
`kilometros`,
`totalCo`)
VALUES
(
1011,
'a0003',
'2017-04-21',
13,
8);



INSERT INTO `huella_carbono`.`viaje`
(
`cod_usuario`,
`cod_transporte`,
`fecha`,
`kilometros`,
`totalCo`)
VALUES
(
1006,
'a0001',
'2017-02-21',
44,
0);



INSERT INTO `huella_carbono`.`viaje`
(
`cod_usuario`,
`cod_transporte`,
`fecha`,
`kilometros`,
`totalCo`)
VALUES
(
1009,
'a0005',
'2017-05-30',
21,
0);



INSERT INTO `huella_carbono`.`viaje`
(
`cod_usuario`,
`cod_transporte`,
`fecha`,
`kilometros`,
`totalCo`)
VALUES
(
1008,
'a0004',
'2017-08-10',
18,
20);


/*recomendacion*/


INSERT INTO `huella_carbono`.`recomendacion`
(

`descripcion`,
`reduccion`)

VALUES

('Ahorra energía',
0.2);


INSERT INTO `huella_carbono`.`recomendacion`
(

`descripcion`,
`reduccion`)

VALUES

('Camina o pedalea',
0.4);


INSERT INTO `huella_carbono`.`recomendacion`
(

`descripcion`,
`reduccion`)

VALUES

('Evita dejar aparatos electronicos enchufados',
0.1);


INSERT INTO `huella_carbono`.`recomendacion`
(

`descripcion`,
`reduccion`)

VALUES

('Mantén tu automóvil en buen estado',
0.15);


INSERT INTO `huella_carbono`.`recomendacion`
(

`descripcion`,
`reduccion`)

VALUES

('Ahorra agua',
0.25);


INSERT INTO `huella_carbono`.`recomendacion`
(

`descripcion`,
`reduccion`)

VALUES

('Ahorra energía',
0.22);


INSERT INTO `huella_carbono`.`recomendacion`
(

`descripcion`,
`reduccion`)

VALUES

('Usa transporte público',
0.2);


INSERT INTO `huella_carbono`.`recomendacion`
(

`descripcion`,
`reduccion`)

VALUES

('Recicla y reutiliza',
0.2);


INSERT INTO `huella_carbono`.`recomendacion`
(

`descripcion`,
`reduccion`)

VALUES

('Siembra árboles',
0.2);


INSERT INTO `huella_carbono`.`recomendacion`
(

`descripcion`,
`reduccion`)

VALUES

('Compra energía renovable',
0.2);


/*propuesta*/

INSERT INTO `huella_carbono`.`propuesta`
(
`cod_usuario`,
`tipo`,
`co2`,
`nombreEs`,
`nombrelg`,
`descripcion`,
`fuente`)
VALUES
(
1007,
'tipo',
'co2',
'nombreEs',
'nombrelg',
'descripcion',
'fuente');

/*Asignaciones*/
INSERT INTO `huella_carbono`.`asignacion` (`num_recomendacion`, `cod_usuario`, `estado`, `fecha`) VALUES ('1', '1007', 'activa', '2017-03-10');
INSERT INTO `huella_carbono`.`asignacion` (`num_recomendacion`, `cod_usuario`, `estado`, `fecha`) VALUES ('2', '1007', 'activa', '2017-04-01');
INSERT INTO `huella_carbono`.`asignacion` (`num_recomendacion`, `cod_usuario`, `estado`, `fecha`) VALUES ('2', '1010', 'activa', '2017-11-13');
INSERT INTO `huella_carbono`.`asignacion` (`num_recomendacion`, `cod_usuario`, `estado`, `fecha`) VALUES ('3', '1007', 'activa', '2017-04-01');
INSERT INTO `huella_carbono`.`asignacion` (`num_recomendacion`, `cod_usuario`, `estado`, `fecha`) VALUES ('4', '1009', 'activa', '2017-12-03');
INSERT INTO `huella_carbono`.`asignacion` (`num_recomendacion`, `cod_usuario`, `estado`, `fecha`) VALUES ('8', '1002', 'activa', '2017-02-03');

